epoch,train/loss
1,0.39351986519002413
2,0.28674892250943435
3,0.2554258094279916
4,0.19205157820369814
5,0.1762298679148609
6,0.16795804088192803
7,0.15853910713971078
8,0.1574449301052552
9,0.15703138480601195
10,0.15596147791541123
